﻿<?xml version="1.0" encoding="utf-8"?><HelpTOCNode Title="CSC322_SearchEngineProject" Url="html/dbd5d122-6bc8-dde1-a055-f50c06457838.htm"><HelpTOCNode Title="Collector Class" Url="html/a18fed00-0460-b2a9-5d0a-76478c5d7e62.htm" HasChildren="true" /><HelpTOCNode Title="DocDirectory Class" Url="html/2567b295-8edf-48b2-918a-a60379e25780.htm" HasChildren="true" /><HelpTOCNode Title="Document Class" Url="html/617fb1cf-59ec-a340-b6c1-72b3046abcc2.htm" HasChildren="true" /><HelpTOCNode Title="IndexReader Class" Url="html/103625b2-8678-5b59-e553-bb7d8d2bbd65.htm" HasChildren="true" /><HelpTOCNode Title="IndexSearcher Class" Url="html/4b88ce70-3af6-702c-339e-cacace76bbb2.htm" HasChildren="true" /><HelpTOCNode Title="IndexWriter Class" Url="html/fa51809d-6d52-7822-5496-4189ee00df7e.htm" HasChildren="true" /><HelpTOCNode Title="Query Class" Url="html/1a301bc2-d08f-123d-1321-437e7e83099b.htm" HasChildren="true" /><HelpTOCNode Title="ScoredDoc Class" Url="html/7887c032-8a07-20de-542a-24cac0b0829e.htm" HasChildren="true" /></HelpTOCNode>