﻿<?xml version="1.0" encoding="utf-8"?>
<HelpTOC>

  <HelpTOCNode Id="abbf6a49-be9c-466b-adfe-fe07d63a9ea9" Title="CSC322_SearchEngineProject" Url="html/dbd5d122-6bc8-dde1-a055-f50c06457838.htm">
    <HelpTOCNode Id="0cf41934-6fba-4ad1-b6f1-cc1de5880d77" Title="Collector Class" Url="html/a18fed00-0460-b2a9-5d0a-76478c5d7e62.htm">
      <HelpTOCNode Id="c31655da-cee7-4cf1-beac-6aeed8527a3a" Title="Collector Methods" Url="html/482a9872-63f9-c9fe-4cfd-b0b7536886cc.htm">
        <HelpTOCNode Title="Create Method " Url="html/21547aed-6de2-052b-dec5-38e176d5fd82.htm" />
        <HelpTOCNode Title="GetTopDocs Method " Url="html/b6e32e13-6cda-0260-c87f-6571e106829e.htm" />
      </HelpTOCNode>
    </HelpTOCNode>
    <HelpTOCNode Id="a4f65c8a-491b-49fe-aa69-758a1b227c80" Title="DocDirectory Class" Url="html/2567b295-8edf-48b2-918a-a60379e25780.htm">
      <HelpTOCNode Title="DocDirectory Constructor " Url="html/a30db8bf-ffc0-5a06-b03c-fca83e226a2c.htm" />
      <HelpTOCNode Title="DocDirectory Methods" Url="html/22813e44-322a-2ac3-30fb-c0596421e34d.htm" />
    </HelpTOCNode>
    <HelpTOCNode Id="53a44dc9-3ee4-4186-accd-8d1bd1481491" Title="Document Class" Url="html/617fb1cf-59ec-a340-b6c1-72b3046abcc2.htm">
      <HelpTOCNode Title="Document Constructor " Url="html/99d46f3f-71f0-2ede-38bb-cb43908ce595.htm" />
      <HelpTOCNode Title="Document Methods" Url="html/56cae509-727c-d4f6-db07-a9e0bb639db2.htm" />
      <HelpTOCNode Id="228523ee-41a4-4734-875b-3381bdc783fc" Title="Document Fields" Url="html/828ca4b6-c715-b00f-b2dd-73c45c1a344f.htm">
        <HelpTOCNode Title="File Field" Url="html/66b136d7-a7d6-4a9d-c65d-cf40ea55321f.htm" />
      </HelpTOCNode>
    </HelpTOCNode>
    <HelpTOCNode Id="dcb1d221-8a1d-44fd-b074-b825af9c339a" Title="IndexReader Class" Url="html/103625b2-8678-5b59-e553-bb7d8d2bbd65.htm">
      <HelpTOCNode Title="IndexReader Constructor " Url="html/98ab7e03-32d3-5906-f25a-c1610e08e2a5.htm" />
      <HelpTOCNode Title="IndexReader Methods" Url="html/1ab8f8d0-ee35-c3cf-e617-e7836d92733d.htm" />
    </HelpTOCNode>
    <HelpTOCNode Id="b399fb4c-dadd-4843-943c-4473e52408ef" Title="IndexSearcher Class" Url="html/4b88ce70-3af6-702c-339e-cacace76bbb2.htm">
      <HelpTOCNode Title="IndexSearcher Constructor " Url="html/8518998a-6a2f-e86b-6719-b5548bdb8927.htm" />
      <HelpTOCNode Id="449fbcfe-3083-458f-a061-f9305f9b7744" Title="IndexSearcher Methods" Url="html/a4664c84-4a7f-2748-7e00-252a2be6b706.htm">
        <HelpTOCNode Title="Doc Method " Url="html/dc1de95a-2b11-d13d-a07b-f976304ad21c.htm" />
        <HelpTOCNode Title="Search Method " Url="html/388b7684-8abf-8d46-49d6-c51dc0953b7b.htm" />
      </HelpTOCNode>
    </HelpTOCNode>
    <HelpTOCNode Id="7e68d1fb-2d39-44b3-8334-6ec97527a3e3" Title="IndexWriter Class" Url="html/fa51809d-6d52-7822-5496-4189ee00df7e.htm">
      <HelpTOCNode Title="IndexWriter Constructor " Url="html/ab42467a-abe7-476b-b5f0-d511a61bead5.htm" />
      <HelpTOCNode Id="368e7d3c-6c1d-4f54-8294-c5e3faeacfce" Title="IndexWriter Methods" Url="html/822c4da8-6731-f955-46e5-53064277b082.htm">
        <HelpTOCNode Title="AddDirectory Method " Url="html/77a8d61b-9533-9723-e150-9fa710a2dc71.htm" />
        <HelpTOCNode Title="AddDocument Method " Url="html/4d8165ee-5f6a-93a7-9d13-f2af65537f13.htm" />
      </HelpTOCNode>
    </HelpTOCNode>
    <HelpTOCNode Id="7548259e-1e64-45cc-a1ab-bd15ce77b099" Title="Query Class" Url="html/1a301bc2-d08f-123d-1321-437e7e83099b.htm">
      <HelpTOCNode Id="3b213ca3-215c-40a7-8fd4-da2e86be4c7f" Title="Query Methods" Url="html/be6ffd91-95e8-486f-8124-ef67832479bc.htm">
        <HelpTOCNode Title="Create Method " Url="html/9f948886-0cf0-4086-e0b9-d553285f338d.htm" />
      </HelpTOCNode>
    </HelpTOCNode>
    <HelpTOCNode Id="c24cb9bd-2db0-47a8-b983-c41133865759" Title="ScoredDoc Class" Url="html/7887c032-8a07-20de-542a-24cac0b0829e.htm">
      <HelpTOCNode Id="f1d99097-130f-419d-a527-902869ff6bf5" Title="ScoredDoc Properties" Url="html/18bf5170-c952-42d4-b061-dc38ed1c93eb.htm">
        <HelpTOCNode Title="Docid Property " Url="html/451ea7f3-6ab5-f84d-8bde-09b7acb0b7bc.htm" />
      </HelpTOCNode>
      <HelpTOCNode Id="77d9c2db-d10a-4ee2-a080-b13aec4b29dd" Title="ScoredDoc Methods" Url="html/b6bd5801-486c-2a59-5690-02437dd3541b.htm">
        <HelpTOCNode Title="Compare Method " Url="html/866adc58-f0ca-59aa-100c-f2b30ec95f8e.htm" />
        <HelpTOCNode Title="CompareTo Method " Url="html/32950683-2b65-9683-033f-2a136650d990.htm" />
      </HelpTOCNode>
    </HelpTOCNode>
  </HelpTOCNode>
</HelpTOC>
